{"train/loss_step": 0.11891385167837143, "epoch": 13, "trainer/global_step": 2841, "_runtime": 1560, "_timestamp": 1631912278, "_step": 83, "train/label_minor_physical_thermal_damage/accuracy": 0.9262053370475769, "train/label_minor_physical_thermal_damage/precision": 0.42331695556640625, "train/label_minor_physical_thermal_damage/recall": 0.2416725605726242, "train/label_minor_physical_thermal_damage/f1": 0.28305184841156006, "val/label_minor_physical_thermal_damage/accuracy": 0.9043034911155701, "val/label_minor_physical_thermal_damage/precision": 0.28787878155708313, "val/label_minor_physical_thermal_damage/recall": 0.18560606241226196, "val/label_minor_physical_thermal_damage/f1": 0.2056276947259903, "val/loss": 0.210447296500206}