{"train/label_minor_physical_thermal_damage/accuracy": 0.9156404137611389, "train/label_minor_physical_thermal_damage/precision": 0.24014778435230255, "train/label_minor_physical_thermal_damage/recall": 0.1313980668783188, "train/label_minor_physical_thermal_damage/f1": 0.15378841757774353, "epoch": 2, "trainer/global_step": 549, "_runtime": 646, "_timestamp": 1631909711, "_step": 19, "val/label_minor_physical_thermal_damage/accuracy": 0.9000421166419983, "val/label_minor_physical_thermal_damage/precision": 0.11363636702299118, "val/label_minor_physical_thermal_damage/recall": 0.09469697624444962, "val/label_minor_physical_thermal_damage/f1": 0.08495671302080154, "val/loss": 0.21000342071056366, "train/loss_step": 0.3819296360015869}