{"train/loss_step": 0.328685462474823, "epoch": 5, "trainer/global_step": 1049, "_runtime": 597, "_timestamp": 1631910593, "_step": 30, "train/label_minor_physical_thermal_damage/accuracy": 0.9232519268989563, "train/label_minor_physical_thermal_damage/precision": 0.3698686361312866, "train/label_minor_physical_thermal_damage/recall": 0.22442527115345, "train/label_minor_physical_thermal_damage/f1": 0.2550152838230133, "val/label_minor_physical_thermal_damage/accuracy": 0.9170875549316406, "val/label_minor_physical_thermal_damage/precision": 0.34090909361839294, "val/label_minor_physical_thermal_damage/recall": 0.1931818127632141, "val/label_minor_physical_thermal_damage/f1": 0.2348484992980957, "val/loss": 0.21948255598545074}